county,poke_ratio
Hawaii County,1.7479070497185747
Honolulu County,1.8086625851178397
Kauai County,1.7294894514528705
Maui County,1.7247289232358551
