county,poke_ratio
Bristol County,1.7681493157076205
Kent County,1.7766219615905574
Newport County,1.796849847191485
Providence County,1.7628331814507239
Washington County,1.7464660550745803
