county,poke_ratio
Kent County,1.6285093320926984
New Castle County,1.6279214109295934
Sussex County,1.6138398727966563
